id,message
1,Hello NAND 1
2,Hello NAND 2
3,Hello NAND 3
4,Hello NAND 4
5,Hello NAND 5
6,Hello NAND 6
7,Hello NAND 7
8,Hello NAND 8
9,Hello NAND 9
10,Hello NAND 10
11,Hello NAND 11
12,Hello NAND 12
13,Hello NAND 13
14,Hello NAND 14
15,Hello NAND 15
16,Hello NAND 16
17,Hello NAND 17
18,Hello NAND 18
19,Hello NAND 19
20,Hello NAND 20
21,Hello NAND 21
22,Hello NAND 22
23,Hello NAND 23
24,Hello NAND 24
25,Hello NAND 25
26,Hello NAND 26
27,Hello NAND 27
28,Hello NAND 28
29,Hello NAND 29
30,Hello NAND 30
31,Hello NAND 31
32,Hello NAND 32
33,Hello NAND 33
34,Hello NAND 34
35,Hello NAND 35
36,Hello NAND 36
37,Hello NAND 37
38,Hello NAND 38
39,Hello NAND 39
40,Hello NAND 40
41,Hello NAND 41
42,Hello NAND 42
43,Hello NAND 43
44,Hello NAND 44
45,Hello NAND 45
46,Hello NAND 46
47,Hello NAND 47
48,Hello NAND 48
49,Hello NAND 49
50,Hello NAND 50
51,Hello NAND 51
52,Hello NAND 52
53,Hello NAND 53
54,Hello NAND 54
55,Hello NAND 55
56,Hello NAND 56
57,Hello NAND 57
58,Hello NAND 58
59,Hello NAND 59
60,Hello NAND 60
61,Hello NAND 61
62,Hello NAND 62
63,Hello NAND 63
64,Hello NAND 64
65,Hello NAND 65
66,Hello NAND 66
67,Hello NAND 67
68,Hello NAND 68
69,Hello NAND 69
70,Hello NAND 70
71,Hello NAND 71
72,Hello NAND 72
73,Hello NAND 73
74,Hello NAND 74
75,Hello NAND 75
76,Hello NAND 76
77,Hello NAND 77
78,Hello NAND 78
79,Hello NAND 79
80,Hello NAND 80
81,Hello NAND 81
82,Hello NAND 82
83,Hello NAND 83
84,Hello NAND 84
85,Hello NAND 85
86,Hello NAND 86
87,Hello NAND 87
88,Hello NAND 88
89,Hello NAND 89
90,Hello NAND 90
91,Hello NAND 91
92,Hello NAND 92
93,Hello NAND 93
94,Hello NAND 94
95,Hello NAND 95
96,Hello NAND 96
97,Hello NAND 97
98,Hello NAND 98
99,Hello NAND 99
100,Hello NAND 100
